{"cameraMode":{"drawMode":0,"name":"Shaded","section":"Shading Mode"},"sceneLighting":false,"audioPlay":false,"sceneViewState":{"showFog":true,"showMaterialUpdate":false,"showSkybox":true,"showFlares":true,"showImageEffects":true,"showParticleSystems":true},"in2DMode":false,"pivot":{"x":-9.112971305847168,"y":0.8806763887405396,"z":7.3434672355651859},"rotation":{"x":0.38762933015823367,"y":0.05084503814578056,"z":-0.02141786552965641,"w":0.9201679229736328},"size":37.89715576171875,"orthographic":false}