{"cameraMode":{"drawMode":0,"name":"Shaded","section":"Shading Mode"},"sceneLighting":false,"audioPlay":false,"sceneViewState":{"showFog":true,"showMaterialUpdate":false,"showSkybox":true,"showFlares":true,"showImageEffects":true,"showParticleSystems":true},"in2DMode":false,"pivot":{"x":13.660053253173829,"y":0.0,"z":6.8300628662109379},"rotation":{"x":0.19536863267421723,"y":0.10101063549518585,"z":-0.020233092829585077,"w":0.9753091931343079},"size":72.91050720214844,"orthographic":false}