{"cameraMode":{"drawMode":0,"name":"Shaded","section":"Shading Mode"},"sceneLighting":true,"audioPlay":false,"sceneViewState":{"showFog":true,"showMaterialUpdate":false,"showSkybox":true,"showFlares":true,"showImageEffects":true,"showParticleSystems":true},"in2DMode":false,"pivot":{"x":4.598189830780029,"y":-0.9937499761581421,"z":10.712162017822266},"rotation":{"x":0.3578735888004303,"y":-0.006443047896027565,"z":0.002469280967488885,"w":0.9337463974952698},"size":24.875858306884767,"orthographic":true}