{"cameraMode":{"drawMode":0,"name":"Shaded","section":"Shading Mode"},"sceneLighting":true,"audioPlay":false,"sceneViewState":{"showFog":false,"showMaterialUpdate":false,"showSkybox":true,"showFlares":false,"showImageEffects":false,"showParticleSystems":false},"in2DMode":false,"pivot":{"x":20.44782257080078,"y":43.49871826171875,"z":96.97740173339844},"rotation":{"x":0.19249555468559266,"y":0.25994402170181277,"z":-0.05296417325735092,"w":0.9447582960128784},"size":48.64139175415039,"orthographic":false}